Datetime,Water Level (m)
2025-10-31 18:00:00,0.98557645
2025-10-31 19:00:00,0.72657096
2025-10-31 20:00:00,0.3825355
2025-10-31 21:00:00,0.030541364
2025-10-31 22:00:00,-0.29733354
2025-10-31 23:00:00,-0.5520144
2025-11-01 00:00:00,-0.5635619
2025-11-01 01:00:00,-0.17241138
2025-11-01 02:00:00,0.36050394
2025-11-01 03:00:00,0.8544009
2025-11-01 04:00:00,1.2390664
2025-11-01 05:00:00,1.4163302
2025-11-01 06:00:00,1.3178557
2025-11-01 07:00:00,0.995917
2025-11-01 08:00:00,0.59350127
2025-11-01 09:00:00,0.1710929
2025-11-01 10:00:00,-0.22954609
2025-11-01 11:00:00,-0.5987576
2025-11-01 12:00:00,-0.8234925
2025-11-01 13:00:00,-0.6144164
2025-11-01 14:00:00,-0.056195986
2025-11-01 15:00:00,0.55070674
2025-11-01 16:00:00,1.0814655
2025-11-01 17:00:00,1.4539732
2025-11-01 18:00:00,1.559736
2025-11-01 19:00:00,1.3526883
2025-11-01 20:00:00,0.97496897
2025-11-01 21:00:00,0.5411946
2025-11-01 22:00:00,0.11001777
2025-11-01 23:00:00,-0.29217315
2025-11-02 00:00:00,-0.61357087
2025-11-02 01:00:00,-0.6605264
2025-11-02 02:00:00,-0.19152941
2025-11-02 03:00:00,0.42966884
2025-11-02 04:00:00,1.0047891
2025-11-02 05:00:00,1.4468386
2025-11-02 06:00:00,1.6424783
2025-11-02 07:00:00,1.4862878
2025-11-02 08:00:00,1.107754
2025-11-02 09:00:00,0.65907943
2025-11-02 10:00:00,0.19668925
2025-11-02 11:00:00,-0.24263878
2025-11-02 12:00:00,-0.63320845
2025-11-02 13:00:00,-0.85322416
2025-11-02 14:00:00,-0.47002536
2025-11-02 15:00:00,0.18767253
2025-11-02 16:00:00,0.85876435
2025-11-02 17:00:00,1.4154643
2025-11-02 18:00:00,1.7729052
2025-11-02 19:00:00,1.7926415
2025-11-02 20:00:00,1.4859228
2025-11-02 21:00:00,1.042226
2025-11-02 22:00:00,0.56140924
2025-11-02 23:00:00,0.09047215
2025-11-03 00:00:00,-0.34589022
2025-11-03 01:00:00,-0.6919603
2025-11-03 02:00:00,-0.68297863
2025-11-03 03:00:00,-0.12329635
2025-11-03 04:00:00,0.56201077
2025-11-03 05:00:00,1.1685524
2025-11-03 06:00:00,1.6042975
2025-11-03 07:00:00,1.7449746
2025-11-03 08:00:00,1.4951341
2025-11-03 09:00:00,1.0608662
2025-11-03 10:00:00,0.5778209
2025-11-03 11:00:00,0.09478047
2025-11-03 12:00:00,-0.3638478
2025-11-03 13:00:00,-0.75578696
2025-11-03 14:00:00,-0.88218105
2025-11-03 15:00:00,-0.32362038
2025-11-03 16:00:00,0.42258632
2025-11-03 17:00:00,1.1194783
2025-11-03 18:00:00,1.6702343
2025-11-03 19:00:00,1.954369
2025-11-03 20:00:00,1.8457836
2025-11-03 21:00:00,1.446142
2025-11-03 22:00:00,0.9614679
2025-11-03 23:00:00,0.45415625
2025-11-04 00:00:00,-0.03369972
2025-11-04 01:00:00,-0.49245992
2025-11-04 02:00:00,-0.82990557
2025-11-04 03:00:00,-0.6504194
2025-11-04 04:00:00,0.02121126
2025-11-04 05:00:00,0.75650007
2025-11-04 06:00:00,1.3542045
2025-11-04 07:00:00,1.7346618
2025-11-04 08:00:00,1.7594974
2025-11-04 09:00:00,1.4100436
2025-11-04 10:00:00,0.94626415
2025-11-04 11:00:00,0.44780123
2025-11-04 12:00:00,-0.038360905
2025-11-04 13:00:00,-0.50335777
2025-11-04 14:00:00,-0.8733339
2025-11-04 15:00:00,-0.74870855
2025-11-04 16:00:00,-0.045204513
2025-11-04 17:00:00,0.7660436
2025-11-04 18:00:00,1.4761763
2025-11-04 19:00:00,1.9874392
2025-11-04 20:00:00,2.1724393
2025-11-04 21:00:00,1.9333729
2025-11-04 22:00:00,1.474212
2025-11-04 23:00:00,0.9561887
2025-11-05 00:00:00,0.42924297
2025-11-05 01:00:00,-0.06936477
2025-11-05 02:00:00,-0.5315191
2025-11-05 03:00:00,-0.82015884
2025-11-05 04:00:00,-0.4061101
2025-11-05 05:00:00,0.31524768
2025-11-05 06:00:00,1.0322515
2025-11-05 07:00:00,1.5842881
2025-11-05 08:00:00,1.8651439
2025-11-05 09:00:00,1.7392184
2025-11-05 10:00:00,1.3153154
2025-11-05 11:00:00,0.8292863
2025-11-05 12:00:00,0.31818494
2025-11-05 13:00:00,-0.1642721
2025-11-05 14:00:00,-0.60907
2025-11-05 15:00:00,-0.9346661
2025-11-05 16:00:00,-0.52403814
2025-11-05 17:00:00,0.24213967
2025-11-05 18:00:00,1.068041
2025-11-05 19:00:00,1.7602134
2025-11-05 20:00:00,2.2021654
2025-11-05 21:00:00,2.255451
2025-11-05 22:00:00,1.898071
2025-11-05 23:00:00,1.3989468
2025-11-06 00:00:00,0.86056477
2025-11-06 01:00:00,0.32289472
2025-11-06 02:00:00,-0.17181039
2025-11-06 03:00:00,-0.61134577
2025-11-06 04:00:00,-0.7890962
2025-11-06 05:00:00,-0.22564135
2025-11-06 06:00:00,0.5236523
2025-11-06 07:00:00,1.1965435
2025-11-06 08:00:00,1.6838291
2025-11-06 09:00:00,1.8663546
2025-11-06 10:00:00,1.6223036
2025-11-06 11:00:00,1.1698058
2025-11-06 12:00:00,0.6709685
2025-11-06 13:00:00,0.16307357
2025-11-06 14:00:00,-0.31345457
2025-11-06 15:00:00,-0.73770374
2025-11-06 16:00:00,-0.91935134
2025-11-06 17:00:00,-0.3063469
2025-11-06 18:00:00,0.51769394
